{
  "items": [
    {
      "key": "tutorial_title",
      "value": "使い方"
    },
    {
      "key": "top_menu",
      "value": "TOP MENU"
    },
    {
      "key": "select_tournament",
      "value": "SELECT"
    },
    {
      "key": "heats_info",
      "value": "ヒート情報"
    },
    {
      "key": "quick_start",
      "value": "10秒前ジャンプ"
    },
    {
      "key": "race_not_started",
      "value": "レース前"
    },
    {
      "key": "replay_race_not_started",
      "value": "Replay:レース前"
    },
    {
      "key": "replay_race_started",
      "value": "Replay:レース中"
    },
    {
      "key": "live_race_not_started",
      "value": "Live:レース前"
    },
    {
      "key": "live_race_started",
      "value": "Live:レース中"
    },
    {
      "key": "wind_speed",
      "value": "風速"
    },
    {
      "key": "race_recalled",
      "value": "レースがリコールされました。"
    },
    {
      "key": "race_canceled",
      "value": "レースがキャンセルされました。"
    },
    {
      "key": "race_finished",
      "value": "レース結果が確定されました。"
    },
    {
      "key": "to_next_heat",
      "value": "次のヒートへ"
    },
    {
      "key": "back_prev",
      "value": "元の画面に戻ります。"
    },
    {
      "key": "error_back",
      "value": "エラーが発生しました、元の画面に戻ります。"
    },
    {
      "key": "comm_error",
      "value": "通信に失敗しました。通信環境をご確認ください。"
    },
    {
      "key": "high_speed",
      "value": "高速モード"
    },
    {
      "key": "normal_speed",
      "value": "通常モード"
    }
  ]
}
