{
  "items": [
    {
      "key": "tutorial_title",
      "value": "TUTORIAL"
    },
    {
      "key": "top_menu",
      "value": "TOP MENU"
    },
    {
      "key": "select_tournament",
      "value": "SELECT"
    },
    {
      "key": "heats_info",
      "value": "Heat Info"
    },
    {
      "key": "quick_start",
      "value": "Quick Start"
    },
    {
      "key": "race_not_started",
      "value": "Not started"
    },
    {
      "key": "replay_race_not_started",
      "value": "Replay: Not started"
    },
    {
      "key": "replay_race_started",
      "value": "Replay: Started"
    },
    {
      "key": "live_race_not_started",
      "value": "Live: Not started"
    },
    {
      "key": "live_race_started",
      "value": "Live: Started"
    },
    {
      "key": "wind_speed",
      "value": "Wind Speed"
    },
    {
      "key": "race_recalled",
      "value": "The race was recalled. "
    },
    {
      "key": "race_canceled",
      "value": "The race was canceled. "
    },
    {
      "key": "race_finished",
      "value": "The race was finished. "
    },
    {
      "key": "to_next_heat",
      "value": "Next Heat"
    },
    {
      "key": "back_prev",
      "value": "It will go back to the previous screen."
    },
    {
      "key": "error_back",
      "value": "Sorry, something went wrong. It will go back to the previous screen."
    },
    {
      "key": "comm_error",
      "value": "Communication failed. Please check the communication environment."
    },
    {
      "key": "high_speed",
      "value": "High speed mode"
    },
    {
      "key": "normal_speed",
      "value": "Normal mode"
    }
  ]
}
